MALABAR DRUG LINES,,,,,,,
MALAPPURAM,,,,,,,
Area/Party/Billwise Sales from 01/01/2026 To 30/09/2026,,,,,,,
Code,Name,Date,BillNo,Product,Packin,Qty,Value
Company,,,,,,,
Area: V,,,,,,,
58975,UNITED MEDICALS------    ,2026-01-20,HM41100   ,DYTOR 5       15'S       ,1X15  ,6,371.88
58975,                         ,2026-03-06,HM47683   ,DYTOR 5       15'S       ,1X15  ,10,619.8
58975,                         ,2026-03-30,HM50610   ,DYTOR PLUS LS 10 TAB  15',1X15  ,3,178.41
58975,                         ,2026-05-11,IM5496    ,DYTOR 20 TAB             ,15S   ,6,1051.68
58975,                         ,2026-05-26,IM7648    ,DYTOR 10                 ,1 X 15,6,484.2
      ,                         ,          ,          ,Party Total              ,      ,     ,2705.97
      ,                         ,          ,          ,Area Total               ,      ,     ,2705.97
      ,Company Total            ,          ,          ,                         ,      ,     ,2705.97
Company,,,,,,,
Area: V,,,,,,,
58975,UNITED MEDICALS------    ,2026-01-06,HM38893   ,TUGAIN 5% SOLUTION [ SPRA,1 X 60,1,666.07
58975,                         ,2026-04-21,IM2758    ,TUGAIN 5% SOLUTION [ SPRA,1 X 60,2,1465.36
58975,                         ,2026-09-03,IM22643   ,TUGAIN 5% SOLUTION [ SPRA,1 X 60,1,805.94
58975,                         ,2026-09-03,IM22643   ,TUGAIN 5% SOLUTION [ SPRA,1 X 60,1,805.94
      ,                         ,          ,          ,Party Total              ,      ,     ,3743.31
      ,                         ,          ,          ,Area Total               ,      ,     ,3743.31
      ,Company Total            ,          ,          ,                         ,      ,     ,3743.31
Company,,,,,,,
Area: V,,,,,,,
58975,UNITED MEDICALS------    ,2026-01-06,HM38893   ,TELMIN-20 TAB            ,1X10  ,10,287.9
58975,                         ,2026-01-06,HM38893   ,LOAR-25                  ,1X10  ,10,188.6
58975,                         ,2026-01-06,HM38893   ,LOAR 50                  ,1X10  ,10,316.4
58975,                         ,2026-02-10,HM44311   ,HALIDASE-5  -----------* ,1X10  ,10,278.5
58975,                         ,2026-04-21,IM2758    ,HALIDASE-5  -----------* ,1X10  ,6,167.1
58975,                         ,2026-06-17,IM10646   ,TENOREX-50               ,1X14  ,6,126.06
58975,                         ,2026-06-17,IM10646   ,TELMIN-H TAB             ,1X10  ,10,671.4
58975,                         ,2026-07-07,IM13686   ,TENOREX PLUS          *  ,1X10  ,3,112.5
58975,                         ,2026-07-07,IM13686   ,TENOREX PLUS          *  ,1X10  ,7,262.5
58975,                         ,2026-07-07,IM13686   ,LOAR 50                  ,1X10  ,10,316.4
58975,                         ,2026-07-27,IM16803   ,HALIDASE-5  -----------* ,1X10  ,6,167.1
58975,                         ,2026-07-27,IM16803   ,HALIDACE10           *   ,1X10  ,6,203.58
58975,                         ,2026-09-16,IM24758   ,BAROSTATIN  10 TAB       ,1X10  ,10,367.6
58975,                         ,2026-09-16,IM24758   ,LOAR 50                  ,1X10  ,10,342.9
58975,                         ,2026-09-16,IM24758   ,LOAR-25                  ,1X10  ,10,205.7
58975,                         ,2026-09-16,IM24758   ,TENOREX-50               ,1X14  ,10,228.6
58975,                         ,2026-09-16,IM24758   ,TELMIN-20 TAB            ,1X10  ,10,287.9
      ,                         ,          ,          ,Party Total              ,      ,     ,4530.74
      ,                         ,          ,          ,Area Total               ,      ,     ,4530.74
      ,Company Total            ,          ,          ,                         ,      ,     ,4530.74
Company,,,,,,,
Area: V,,,,,,,
58975,UNITED MEDICALS------    ,2026-01-06,HM38893   ,LIBRATE  10MG TAB  ##    ,1X10  ,10,314.3
58975,                         ,2026-01-20,HM41100   ,DULOXEE-20            *  ,1X10  ,3,222.87
58975,                         ,2026-01-20,HM41100   ,DULOXEE-20            *  ,1X10  ,2,148.58
58975,                         ,2026-01-20,HM41100   ,DULOXEE-20            *  ,1X10  ,1,81.43
58975,                         ,2026-01-20,HM41100   ,FLUTEE 20 ***            ,10'S  ,6,194.88
58975,                         ,2026-01-20,HM41100   ,FLUTEE-40 ***            ,10's  ,3,166.41
58975,                         ,2026-01-20,HM41100   ,CLOZE 0.5 ##             ,1X10  ,6,168.48
58975,                         ,2026-01-20,HM41100   ,TRIPLENT 10MG            ,10'S  ,10,194.4
58975,                         ,2026-01-20,HM41100   ,ESCITALENT-10MG  ***     ,1X10  ,6,461.46
58975,                         ,2026-02-10,HM44311   ,TRIXIDE H ##             ,10'S  ,8,220
58975,                         ,2026-02-10,HM44311   ,TRIXIDE H ##             ,10'S  ,12,330
58975,                         ,2026-02-10,HM44311   ,ESCITALENT PLUS  ##      ,1X10  ,10,1171.4
58975,                         ,2026-02-10,HM44311   ,RESQUE PLUS           *  ,1X10  ,2,128.58
58975,                         ,2026-02-10,HM44311   ,RESQUE PLUS           *  ,1X10  ,4,257.16
58975,                         ,2026-02-10,HM44311   ,TRIPLENT 10MG            ,10'S  ,10,194.4
58975,                         ,2026-03-06,HM47683   ,TRIPLENT 10MG            ,10'S  ,10,194.4
58975,                         ,2026-03-06,HM47683   ,DOZEP-25              *  ,10'S  ,4,171.44
58975,                         ,2026-03-06,HM47683   ,DOZEP-25              *  ,10'S  ,2,85.72
58975,                         ,2026-03-06,HM47683   ,FLUTEE-40 ***            ,10's  ,6,332.82
58975,                         ,2026-04-21,IM2826    ,TRIXIDE H ##             ,10'S  ,20,550
58975,                         ,2026-04-30,IM4162    ,ESCITALENT PLUS  ##      ,1X10  ,8,1020.96
58975,                         ,2026-04-30,IM4162    ,ESCITALENT PLUS  ##      ,1X10  ,2,255.24
58975,                         ,2026-05-26,IM7648    ,ESCITALENT PLUS  ##      ,1X10  ,10,1276.2
58975,                         ,2026-06-01,IM8276    ,ESCITALENT-10MG  ***     ,1X10  ,6,439.5
58975,                         ,2026-06-17,IM10785   ,DULOXEE-20            *  ,1X10  ,6,534.84
58975,                         ,2026-06-17,IM10785   ,TRIPLENT 10MG            ,10'S  ,1,19.44
58975,                         ,2026-08-18,IM20244   ,ESCITALENT PLUS  ##      ,1X10  ,10,1276.2
58975,                         ,2026-09-16,IM24758   ,CLOZE 0.5 ##             ,1X15  ,6,254.34
      ,                         ,          ,          ,Party Total              ,      ,     ,10665.45
      ,                         ,          ,          ,Area Total               ,      ,     ,10665.45
      ,Company Total            ,          ,          ,                         ,      ,     ,10665.45
Company,,,,,,,
Area: V,,,,,,,
58975,UNITED MEDICALS------    ,2026-05-11,IM5496    ,AZEE  500  5'S  ***      ,5 TAB ,6,575.46
      ,                         ,          ,          ,Party Total              ,      ,     ,575.46
      ,                         ,          ,          ,Area Total               ,      ,     ,575.46
      ,Company Total            ,          ,          ,                         ,      ,     ,575.46
Company,,,,,,,
Area: V,,,,,,,
58975,UNITED MEDICALS------    ,2026-02-10,HM44311   ,CLOPIVAS AP150    15'S   ,15 TAB,6,492.6
      ,                         ,          ,          ,Party Total              ,      ,     ,492.6
      ,                         ,          ,          ,Area Total               ,      ,     ,492.6
      ,Company Total            ,          ,          ,                         ,      ,     ,492.6
Company,,,,,,,
Area: V,,,,,,,
58975,UNITED MEDICALS------    ,2026-02-10,HM44311   ,CANDIDERMA+CREAM 10GM    ,1X10GM,3,304.29
58975,                         ,2026-02-10,HM44311   ,CANDID CL SUPPOSITORIE*  ,1X3   ,2,248.58
58975,                         ,2026-02-10,HM44311   ,CANDID-B CREAM 10GM      ,10GM  ,2,180
58975,                         ,2026-02-10,HM44311   ,CANDID-B LOTION 10ML     ,1X10ML,3,267.87
58975,                         ,2026-02-10,HM44311   ,CANDID-VGEL           *  ,30GR  ,2,228.58
58975,                         ,2026-05-11,IM5496    ,CANDID-VGEL           *  ,30GR  ,1,114.29
58975,                         ,2026-07-07,IM13686   ,CANDID-B CREAM 10GM      ,10GM  ,10,985.7
58975,                         ,2026-09-16,IM24758   ,CANDID-CL-GEL            ,30GM  ,1,230.36
      ,                         ,          ,          ,Party Total              ,      ,     ,2559.67
      ,                         ,          ,          ,Area Total               ,      ,     ,2559.67
      ,Company Total            ,          ,          ,                         ,      ,     ,2559.67
Company,,,,,,,
Area: V,,,,,,,
58975,UNITED MEDICALS------    ,2026-01-06,HM38893   ,METOLAR 25            *  ,15 TAB,10,330.4
58975,                         ,2026-04-30,IM4162    ,METOLAR XR 25 CAPS    *  ,15 CAP,6,389.28
58975,                         ,2026-05-11,IM5496    ,METOLAR 50 ***           ,1X15  ,6,322.92
58975,                         ,2026-08-18,IM20244   ,METOLAR XR 25 CAPS    *  ,15 CAP,6,389.28
      ,                         ,          ,          ,Party Total              ,      ,     ,1431.88
      ,                         ,          ,          ,Area Total               ,      ,     ,1431.88
      ,Company Total            ,          ,          ,                         ,      ,     ,1431.88
Company,,,,,,,
Area: V,,,,,,,
58975,UNITED MEDICALS------    ,2026-05-11,IM5496    ,TACROZ OINT     3%      *,1X10GM,1,150
58975,                         ,2026-06-01,IM8276    ,LULICAN S CREAM          ,15GM  ,2,297.14
58975,                         ,2026-08-18,IM20244   ,LULICAN S CREAM          ,15GM  ,2,297.14
      ,                         ,          ,          ,Party Total              ,      ,     ,744.28
      ,                         ,          ,          ,Area Total               ,      ,     ,744.28
      ,Company Total            ,          ,          ,                         ,      ,     ,744.28
Company,,,,,,,
Area: V,,,,,,,
58975,UNITED MEDICALS------    ,2026-05-11,IM5496    ,TELMA TAB 20    30'S     ,1X30  ,4,376.68
58975,                         ,2026-05-11,IM5496    ,TELMA H 40               ,1X15  ,6,1630.68
58975,                         ,2026-06-01,IM8276    ,TELMA 80-H TAB           ,1X15  ,6,2464.26
58975,                         ,2026-06-17,IM10785   ,TELMA TAB 20    30'S     ,1X30  ,3,282.51
58975,                         ,2026-08-18,IM20244   ,TELMA 80-H TAB           ,1X15  ,6,2464.26
58975,                         ,2026-09-03,IM22643   ,TELMA TAB 40             ,1X30  ,10,1651.2
      ,                         ,          ,          ,Party Total              ,      ,     ,8869.59
      ,                         ,          ,          ,Area Total               ,      ,     ,8869.59
      ,Company Total            ,          ,          ,                         ,      ,     ,8869.59
Company,,,,,,,
Area: V,,,,,,,
58975,UNITED MEDICALS------    ,2026-03-30,HM50610   ,URIMAX D TAB             ,15 TAB,2,954.2
58975,                         ,2026-06-01,IM8276    ,URIMAX 0.4 CAPS    20'S  ,20 CAP,3,741.54
      ,                         ,          ,          ,Party Total              ,      ,     ,1695.74
      ,                         ,          ,          ,Area Total               ,      ,     ,1695.74
      ,Company Total            ,          ,          ,                         ,      ,     ,1695.74
Company,,,,,,,
Area: V,,,,,,,
58975,UNITED MEDICALS------    ,2026-06-01,IM8276    ,GLYCOHALE FB INHALER     ,1'S   ,2,1343.56
      ,                         ,          ,          ,Party Total              ,      ,     ,1343.56
      ,                         ,          ,          ,Area Total               ,      ,     ,1343.56
      ,Company Total            ,          ,          ,                         ,      ,     ,1343.56
Company,,,,,,,
Area: V,,,,,,,
58975,UNITED MEDICALS------    ,2026-05-26,IM7648    ,AZEE 100 LIQUID 15ML     ,15 ML ,2,79.28
58975,                         ,2026-05-26,IM7648    ,AZEE 200 LIQUID 15ML     ,15 ML ,2,83.24
      ,                         ,          ,          ,Party Total              ,      ,     ,162.52
      ,                         ,          ,          ,Area Total               ,      ,     ,162.52
      ,Company Total            ,          ,          ,                         ,      ,     ,162.52
Company,,,,,,,
Area: V,,,,,,,
58975,UNITED MEDICALS------    ,2026-08-18,IM20244   ,FLOGEL EYE DROPS ***     ,10ML  ,3,407.49
      ,                         ,          ,          ,Party Total              ,      ,     ,407.49
      ,                         ,          ,          ,Area Total               ,      ,     ,407.49
      ,Company Total            ,          ,          ,                         ,      ,     ,407.49
Company,,,,,,,
Area: V,,,,,,,
58975,UNITED MEDICALS------    ,2026-03-30,HM50610   ,FORACORT 100 INHALER  ***,120 MD,2,414.7
58975,                         ,2026-03-30,HM50610   ,SEROFLO 100 ROTOCAP   *  ,30'S  ,6,1363.08
58975,                         ,2026-05-11,IM5496    ,SEROFLO 100 ROTOCAP   *  ,30'S  ,6,1363.08
      ,                         ,          ,          ,Party Total              ,      ,     ,3140.86
      ,                         ,          ,          ,Area Total               ,      ,     ,3140.86
      ,Company Total            ,          ,          ,                         ,      ,     ,3140.86
Company,,,,,,,
Area: V,,,,,,,
58975,UNITED MEDICALS------    ,2026-01-06,HM38893   ,YUVINIE SOFT             ,1X50GM,1,559.35
58975,                         ,2026-01-06,HM38893   ,YUVINIE SUNSCREEN AQUA GE,1X50GM,1,261.03
58975,                         ,2026-01-20,HM41100   ,CLINSURE LOTION  NEW     ,1X125M,1,182.38
58975,                         ,2026-01-20,HM41100   ,CLINSURE LOTION  NEW     ,1X125M,1,182.38
58975,                         ,2026-01-20,HM41100   ,KONAZ-ZP LOTION   75ML   ,1's   ,2,419.64
58975,                         ,2026-01-20,HM41100   ,MOIZTAL CREAM         *  ,50MG  ,2,184.28
58975,                         ,2026-02-10,HM44311   ,REMOIZ CREAM         *   ,50GR  ,2,201.14
58975,                         ,2026-02-10,HM44311   ,CLINSURE LOTION  NEW     ,1X125M,2,364.76
58975,                         ,2026-03-30,HM50610   ,CLINSURE LOTION  NEW     ,1X125M,1,182.38
58975,                         ,2026-06-17,IM10646   ,CLINSURE LOTION  NEW     ,1X125M,2,378.32
58975,                         ,2026-06-17,IM10785   ,CLOBITAL NM CREAM 20GM   ,1's   ,1,58.67
58975,                         ,2026-06-17,IM10785   ,CLOBITAL NM CREAM 20GM   ,1's   ,3,176.01
58975,                         ,2026-07-07,IM13686   ,YUVINIE SOFT             ,1X50GM,1,595.96
58975,                         ,2026-07-07,IM13686   ,REMOIZ CREAM         *   ,50GR  ,2,201.14
58975,                         ,2026-09-03,IM22643   ,KONAZ-CT LOTION       *  ,75ML  ,2,419.04
      ,                         ,          ,          ,Party Total              ,      ,     ,4366.48
      ,                         ,          ,          ,Area Total               ,      ,     ,4366.48
      ,Company Total            ,          ,          ,                         ,      ,     ,4366.48
Company,,,,,,,
Area: V,,,,,,,
58975,UNITED MEDICALS------    ,2026-03-30,HM50610   ,ASTHALIN INHALER DC 200 M,1 X 20,2,257.2
      ,                         ,          ,          ,Party Total              ,      ,     ,257.2
      ,                         ,          ,          ,Area Total               ,      ,     ,257.2
      ,Company Total            ,          ,          ,                         ,      ,     ,257.2
Company,,,,,,,
Area: V,,,,,,,
58975,UNITED MEDICALS------    ,2026-03-30,HM50610   ,HILMET VG2 TAB           ,1X15  ,10,1885.7
58975,                         ,2026-04-21,IM2758    ,HILMET VG2 TAB           ,1X15  ,10,1885.7
58975,                         ,2026-06-17,IM10646   ,HILMET VG2 TAB           ,1X15  ,10,1885.7
58975,                         ,2026-08-18,IM20244   ,HILMET VG2 TAB           ,1X15  ,10,1885.7
58975,                         ,2026-09-03,IM22643   ,HILMET VG2 TAB           ,1X15  ,1,188.57
58975,                         ,2026-09-03,IM22643   ,HILMET VG2 TAB           ,1X15  ,9,1866.87
      ,                         ,          ,          ,Party Total              ,      ,     ,9598.24
      ,                         ,          ,          ,Area Total               ,      ,     ,9598.24
      ,Company Total            ,          ,          ,                         ,      ,     ,9598.24
Company,,,,,,,
Area: V,,,,,,,
58975,UNITED MEDICALS------    ,2026-05-11,IM5496    ,CANDIDOX CREAM           ,1X30GM,1,192.86
      ,                         ,          ,          ,Party Total              ,      ,     ,192.86
      ,                         ,          ,          ,Area Total               ,      ,     ,192.86
      ,Company Total            ,          ,          ,                         ,      ,     ,192.86
Company,,,,,,,
Area: V,,,,,,,
58975,UNITED MEDICALS------    ,2026-05-11,IM5496    ,ASCOVENT CAPS         *  ,1X10'S,3,386.79
58975,                         ,2026-06-01,IM8276    ,VILOR-F 100MG DPI CAPS   ,1X30  ,2,730
      ,                         ,          ,          ,Party Total              ,      ,     ,1116.79
      ,                         ,          ,          ,Area Total               ,      ,     ,1116.79
      ,Company Total            ,          ,          ,                         ,      ,     ,1116.79
Company,,,,,,,
Area: V,,,,,,,
58975,UNITED MEDICALS------    ,2026-02-10,HM44311   ,TELMA-BETA 25MG TAB      ,1X10  ,6,1088.58
58975,                         ,2026-05-11,IM5496    ,TELMA-BETA 25MG TAB      ,1X10  ,10,1814.3
58975,                         ,2026-06-17,IM10785   ,TELMA-BETA 25MG TAB      ,1X10  ,6,1088.58
      ,                         ,          ,          ,Party Total              ,      ,     ,3991.46
      ,                         ,          ,          ,Area Total               ,      ,     ,3991.46
      ,Company Total            ,          ,          ,                         ,      ,     ,3991.46
Company,,,,,,,
Area: V,,,,,,,
58975,UNITED MEDICALS------    ,2026-03-30,HM50610   ,ASTHALIN SYP  ***        ,1X100M,10,146.4
58975,                         ,2026-05-11,IM5496    ,NUTROLIN B PLUS CAPS     ,1X15  ,3,144
      ,                         ,          ,          ,Party Total              ,      ,     ,290.4
      ,                         ,          ,          ,Area Total               ,      ,     ,290.4
      ,Company Total            ,          ,          ,                         ,      ,     ,290.4
Company,,,,,,,
Area: V,,,,,,,
58975,UNITED MEDICALS------    ,2026-07-07,IM13686   ,TELMA AM TAB             ,1X15  ,4,1041.44
      ,                         ,          ,          ,Party Total              ,      ,     ,1041.44
      ,                         ,          ,          ,Area Total               ,      ,     ,1041.44
      ,Company Total            ,          ,          ,                         ,      ,     ,1041.44
Company,,,,,,,
Area: V,,,,,,,
58975,UNITED MEDICALS------    ,2026-05-26,IM7648    ,NICOGUM FRESHMINT 2MG    ,1X12  ,6,492.18
      ,                         ,          ,          ,Party Total              ,      ,     ,492.18
      ,                         ,          ,          ,Area Total               ,      ,     ,492.18
      ,Company Total            ,          ,          ,                         ,      ,     ,492.18
Company,,,,,,,
Area: V,,,,,,,
58975,UNITED MEDICALS------    ,2026-02-10,HM44311   ,UVICOZ AQUA GEL NEW      ,1X60GM,1,459.03
      ,                         ,          ,          ,Party Total              ,      ,     ,459.03
      ,                         ,          ,          ,Area Total               ,      ,     ,459.03
      ,Company Total            ,          ,          ,                         ,      ,     ,459.03
Company,,,,,,,
Area: V,,,,,,,
58975,UNITED MEDICALS------    ,2026-03-30,HM50610   ,DEMELAN+ CREAM  20GM     ,1X20GM,2,812.2
      ,                         ,          ,          ,Party Total              ,      ,     ,812.2
      ,                         ,          ,          ,Area Total               ,      ,     ,812.2
      ,Company Total            ,          ,          ,                         ,      ,     ,812.2
Company,,,,,,,
Area: V,,,,,,,
58975,UNITED MEDICALS------    ,2026-04-30,IM4162    ,MOXYMA EYE DROPS 5ML     ,1X5ML ,3,267.42
58975,                         ,2026-05-26,IM7648    ,LACRINA EYE DROPS        ,1X5ML ,3,145.71
58975,                         ,2026-05-26,IM7648    ,MOXYMA-KT EYE DROPS      ,1X5ML ,2,200
58975,                         ,2026-05-26,IM7648    ,MOXYMA-LT EYE DROPS      ,1X5ML ,2,214.1
      ,                         ,          ,          ,Party Total              ,      ,     ,827.23
      ,                         ,          ,          ,Area Total               ,      ,     ,827.23
      ,Company Total            ,          ,          ,                         ,      ,     ,827.23
Company,,,,,,,
Area: V,,,,,,,
58975,UNITED MEDICALS------    ,2026-05-26,IM7648    ,SALINA  NASAL SOLUTION   ,1X10ML,10,307
      ,                         ,          ,          ,Party Total              ,      ,     ,307
      ,                         ,          ,          ,Area Total               ,      ,     ,307
      ,Company Total            ,          ,          ,                         ,      ,     ,307
Company,,,,,,,
Area: V,,,,,,,
58975,UNITED MEDICALS------    ,2026-02-10,HM44311   ,ASTICAL K2 CAPS          ,1X10  ,2,275.92
58975,                         ,2026-07-13,IM14634   ,NORIZA TAB               ,1X10  ,6,899.94
      ,                         ,          ,          ,Party Total              ,      ,     ,1175.86
      ,                         ,          ,          ,Area Total               ,      ,     ,1175.86
      ,Company Total            ,          ,          ,                         ,      ,     ,1175.86
Company,,,,,,,
Area: V,,,,,,,
58975,UNITED MEDICALS------    ,2026-02-10,HM44311   ,NORTNOR PLUS TAB         ,1X10  ,10,1500
58975,                         ,2026-03-30,HM50610   ,NORTNOR PLUS TAB         ,1X10  ,10,1500
58975,                         ,2026-04-21,IM2758    ,NORTNOR PLUS TAB         ,1X10  ,10,1500
58975,                         ,2026-07-27,IM16803   ,NORTNOR PLUS TAB         ,1X10  ,10,1638.1
58975,                         ,2026-09-03,IM22643   ,NORTNOR PLUS TAB         ,1X10  ,10,1638.1
      ,                         ,          ,          ,Party Total              ,      ,     ,7776.2
      ,                         ,          ,          ,Area Total               ,      ,     ,7776.2
      ,Company Total            ,          ,          ,                         ,      ,     ,7776.2
Company,,,,,,,
Area: V,,,,,,,
58975,UNITED MEDICALS------    ,2026-05-26,IM7648    ,AIRZ FB MDI              ,1X120M,1,701.43
58975,                         ,2026-06-01,IM8276    ,AIRTEC FB 200 R/C        ,1X200 ,2,279.36
58975,                         ,2026-06-01,IM8276    ,AIRTEC SF 250 R/C        ,1X250 ,2,734.28
58975,                         ,2026-06-01,IM8276    ,DIGIHALER FB 200 INH     ,120 MD,1,288.96
58975,                         ,2026-06-01,IM8276    ,DIGIHALER FF 250 INH     ,120 MD,1,685
58975,                         ,2026-06-01,IM8276    ,DIGIHALER SF 250 INH     ,1'S   ,1,614.29
58975,                         ,2026-07-07,IM13686   ,DIGIHALER FB 400 INH     ,120 MD,2,658.56
      ,                         ,          ,          ,Party Total              ,      ,     ,3961.88
      ,                         ,          ,          ,Area Total               ,      ,     ,3961.88
      ,Company Total            ,          ,          ,                         ,      ,     ,3961.88
Company,,,,,,,
Area: V,,,,,,,
58975,UNITED MEDICALS------    ,2026-02-10,HM44311   ,DERIVA CMS GEL IN 20GM   ,1X20GR,1,332.14
58975,                         ,2026-02-10,HM44311   ,DERIVA MS GEL         *  ,1X15 G,1,270
58975,                         ,2026-05-11,IM5496    ,DERIVA CMS GEL IN 20GM   ,1X20GR,1,363.81
      ,                         ,          ,          ,Party Total              ,      ,     ,965.95
      ,                         ,          ,          ,Area Total               ,      ,     ,965.95
      ,Company Total            ,          ,          ,                         ,      ,     ,965.95
Company,,,,,,,
Area: V,,,,,,,
58975,UNITED MEDICALS------    ,2026-01-06,HM38893   ,TEYOTEARS EYE DROPS ***  ,1X10ML,3,304.59
58975,                         ,2026-03-06,HM47683   ,OLOTEYO EYE DROPS        ,1X5ML ,3,265.41
58975,                         ,2026-03-06,HM47683   ,TEYOTEARS EYE DROPS ***  ,1X10ML,3,304.59
58975,                         ,2026-03-30,HM50610   ,TEYOTEARS EYE DROPS ***  ,1X10ML,3,304.59
58975,                         ,2026-03-30,HM50610   ,TEYOFLU-T EYE DROPS      ,1X5ML ,1,98.21
58975,                         ,2026-04-21,IM2758    ,TEYOFLU EYE DROPS        ,1X5ML ,3,265.17
58975,                         ,2026-04-21,IM2758    ,TEYOTEARS EYE DROPS ***  ,1X10ML,6,609.18
58975,                         ,2026-05-11,IM5496    ,OEIL EYE DROPS           ,1X10ML,2,309.92
58975,                         ,2026-05-11,IM5496    ,TEYOBACT-DM EYE DROPS    ,1X5ML ,2,196.28
58975,                         ,2026-05-11,IM5496    ,TEYOBACT-DM EYE DROPS    ,1X5ML ,1,98.14
58975,                         ,2026-05-11,IM5497    ,DRYES EYE DROPS  ***     ,1X10ML,2,244.46
58975,                         ,2026-05-26,IM7648    ,TEYOBACT EYE DROPS       ,1X5ML ,2,162.34
58975,                         ,2026-06-17,IM10785   ,TEYOTEARS EYE DROPS ***  ,1X10ML,2,203.06
58975,                         ,2026-08-18,IM20244   ,TEYOTEARS EYE DROPS ***  ,1X10ML,2,203.06
58975,                         ,2026-08-18,IM20244   ,TEYOFLU-T EYE DROPS      ,1X5ML ,2,196.42
      ,                         ,          ,          ,Party Total              ,      ,     ,3765.42
      ,                         ,          ,          ,Area Total               ,      ,     ,3765.42
      ,Company Total            ,          ,          ,                         ,      ,     ,3765.42
Company,,,,,,,
Area: V,,,,,,,
58975,UNITED MEDICALS------    ,2026-07-13,IM14634   ,MONTAIR 5 --------*      ,15 TAB,4,586.52
58975,                         ,2026-07-13,IM14634   ,MONTAIR -LC TAB    15'S  ,1 X 15,4,1279.36
      ,                         ,          ,          ,Party Total              ,      ,     ,1865.88
      ,                         ,          ,          ,Area Total               ,      ,     ,1865.88
      ,Company Total            ,          ,          ,                         ,      ,     ,1865.88
Company,,,,,,,
Area: V,,,,,,,
58975,UNITED MEDICALS------    ,2026-01-20,HM41100   ,UVedge SPF 50 SUNSCREEN G,1X50GR,3,985.14
58975,                         ,2026-01-20,HM41100   ,KEZIL SL SHAMPOO 100ML   ,100ML ,2,388.92
58975,                         ,2026-01-20,HM41100   ,KEZIL-ZP SHAMPOO 100ML   ,1X100M,2,346.06
58975,                         ,2026-01-20,HM41100   ,CERAEDGE MOISTURISING CRE,1X100G,2,557.9
58975,                         ,2026-02-10,HM44311   ,UVEDGE SPF30 SUN SCREEN G,1X50ML,2,402.54
58975,                         ,2026-02-10,HM44311   ,UVedge SPF 50 SUNSCREEN G,1X50GR,3,985.14
58975,                         ,2026-02-10,HM44311   ,CERAEDGE MOISTURISING CRE,1X100G,1,278.95
58975,                         ,2026-03-06,HM47683   ,MOISOFT SHOWER GEL       ,1X100G,2,317.78
58975,                         ,2026-03-06,HM47683   ,UVedge SPF 50 SUNSCREEN G,1X50GR,3,985.14
58975,                         ,2026-03-06,HM47683   ,UVEDGE SOFT MINERAL SPF50,1X50GM,1,617.92
58975,                         ,2026-03-06,HM47683   ,UVEDGE TINTED SPF 50 LOTI,1X50ML,1,420.19
58975,                         ,2026-03-30,HM50610   ,UVedge SPF 50 SUNSCREEN G,1X50GR,2,656.76
58975,                         ,2026-03-30,HM50610   ,UVEDGE SPF30 SUN SCREEN G,1X50ML,2,402.54
58975,                         ,2026-03-30,HM50610   ,UVEDGE TINTED SPF 50 LOTI,1X50ML,1,420.19
58975,                         ,2026-04-21,IM2758    ,RENSA FACE WASH          ,1X50ML,3,519.06
58975,                         ,2026-04-21,IM2758    ,SEBOEDGE MOISTURIZER     ,1X50GM,2,508.46
58975,                         ,2026-04-30,IM4162    ,UVedge SPF 50 SUNSCREEN G,1X50GR,4,1313.52
58975,                         ,2026-05-26,IM7648    ,UVedge SPF 50 SUNSCREEN G,1X50GR,2,656.76
58975,                         ,2026-07-07,IM13686   ,URESOFT CREAM 100GM      ,1X100G,1,271.89
58975,                         ,2026-07-07,IM13686   ,UVedge SPF 50 SUNSCREEN G,1X50GR,1,328.38
58975,                         ,2026-07-27,IM16803   ,UVEDGE TINTED SPF 50 LOTI,1X50ML,1,420.19
58975,                         ,2026-07-27,IM16803   ,RENSA FACE WASH          ,1X50ML,2,346.04
58975,                         ,2026-08-18,IM20244   ,UVedge SPF 50 SUNSCREEN G,1X50GR,2,656.76
58975,                         ,2026-09-03,IM22643   ,UVedge SPF 50 SUNSCREEN G,1X50GR,3,985.14
58975,                         ,2026-09-16,IM24758   ,UVedge SPF 50 SUNSCREEN G,1X50GR,2,656.76
58975,                         ,2026-09-16,IM24758   ,UVEDGE TINTED SPF 50 LOTI,1X50ML,1,420.19
      ,                         ,          ,          ,Party Total              ,      ,     ,14848.32
      ,                         ,          ,          ,Area Total               ,      ,     ,14848.32
      ,Company Total            ,          ,          ,                         ,      ,     ,14848.32
Company,,,,,,,
Area: V,,,,,,,
58975,UNITED MEDICALS------    ,2026-01-06,HM38893   ,RISNIA SYRUP ***         ,1X60ML,2,216
58975,                         ,2026-03-30,HM50610   ,AMANTREL-100MG TAB 15'S  ,1X15  ,4,845.2
58975,                         ,2026-06-01,IM8276    ,AMANTREL-100MG TAB 15'S  ,1X15  ,2,422.6
      ,                         ,          ,          ,Party Total              ,      ,     ,1483.8
      ,                         ,          ,          ,Area Total               ,      ,     ,1483.8
      ,Company Total            ,          ,          ,                         ,      ,     ,1483.8
Company,,,,,,,
Area: V,,,,,,,
58975,UNITED MEDICALS------    ,2026-05-26,IM7648    ,KOJIGLO-GOLD  CREAM 20 GR,1X20GR,1,410.17
      ,                         ,          ,          ,Party Total              ,      ,     ,410.17
      ,                         ,          ,          ,Area Total               ,      ,     ,410.17
      ,Company Total            ,          ,          ,                         ,      ,     ,410.17
Company,,,,,,,
Area: V,,,,,,,
58975,UNITED MEDICALS------    ,2026-07-27,IM16803   ,LULICARE XL CREAM        ,1X50GM,2,388.86
58975,                         ,2026-07-27,IM16803   ,LULICARE CREAM 30GM      ,1X30GM,2,158.22
58975,                         ,2026-09-03,IM22643   ,LULICARE CREAM 30GM      ,1X30GM,2,158.22
      ,                         ,          ,          ,Party Total              ,      ,     ,705.3
      ,                         ,          ,          ,Area Total               ,      ,     ,705.3
      ,Company Total            ,          ,          ,                         ,      ,     ,705.3
Company,,,,,,,
Area: V,,,,,,,
58975,UNITED MEDICALS------    ,2026-01-06,HM38893   ,PAN-D CAPS 15'S          ,15'S  ,4,725.64
58975,                         ,2026-05-26,IM7648    ,PAN-D CAPS 15'S          ,15'S  ,6,1197.24
58975,                         ,2026-05-26,IM7648    ,PAN 40 TAB               ,15'S  ,6,881.4
      ,                         ,          ,          ,Party Total              ,      ,     ,2804.28
      ,                         ,          ,          ,Area Total               ,      ,     ,2804.28
      ,Company Total            ,          ,          ,                         ,      ,     ,2804.28
Company,,,,,,,
Area: V,,,,,,,
58975,UNITED MEDICALS------    ,2026-01-06,HM38893   ,GEMCAL CAPSULES 15'S     ,15'S  ,3,895.71
      ,                         ,          ,          ,Party Total              ,      ,     ,895.71
      ,                         ,          ,          ,Area Total               ,      ,     ,895.71
      ,Company Total            ,          ,          ,                         ,      ,     ,895.71
Company,,,,,,,
Area: V,,,,,,,
58975,UNITED MEDICALS------    ,2026-05-11,IM5496    ,ALKEPIN-ODT 50 TAB -----*,10'S  ,3,126.72
      ,                         ,          ,          ,Party Total              ,      ,     ,126.72
      ,                         ,          ,          ,Area Total               ,      ,     ,126.72
      ,Company Total            ,          ,          ,                         ,      ,     ,126.72
Company,,,,,,,
Area: V,,,,,,,
58975,UNITED MEDICALS------    ,2026-02-10,HM44311   ,SEBOGEL  30GM            ,1X30GM,1,174.82
58975,                         ,2026-02-10,HM44347   ,ETHIGLO FACE WASH        ,1X70GM,6,1095.84
58975,                         ,2026-02-10,HM44347   ,ETHIGLO ET TAB  15'S     ,1X15  ,1,670.35
58975,                         ,2026-02-10,HM44347   ,ETHIGLO ET TAB  15'S     ,1X15  ,1,670.35
58975,                         ,2026-03-06,HM47683   ,ETHIGLO FACE WASH        ,1X70GM,6,1095.84
58975,                         ,2026-03-30,HM50610   ,ETHIGLO FACE WASH        ,1X70GM,6,1095.84
58975,                         ,2026-04-21,IM2758    ,LIPZLITE CREAM           ,1X15GM,2,378.94
58975,                         ,2026-04-21,IM2826    ,ETHIGLO FACE WASH        ,1X70GM,6,1095.84
58975,                         ,2026-05-11,IM5496    ,ETHIGLO FACE WASH        ,1X70GM,6,1095.84
58975,                         ,2026-05-26,IM7648    ,ETHIGLO SOAP 75GM        ,1X75GM,2,155.24
58975,                         ,2026-06-01,IM8276    ,ETHIGLO FACE WASH        ,1X70GM,12,2191.68
58975,                         ,2026-07-07,IM13686   ,ETHIGLO FACE WASH        ,1X70GM,10,1826.4
58975,                         ,2026-07-07,IM13686   ,ACMED FACE WASH          ,1X70GM,2,309.8
58975,                         ,2026-07-27,IM16803   ,ACMED FACE WASH          ,1X70GM,2,309.8
58975,                         ,2026-07-27,IM16803   ,ETHIGLO FACE WASH        ,1X70GM,6,1095.84
58975,                         ,2026-08-18,IM20244   ,ETHIGLO FACE WASH        ,1X70GM,10,1826.4
58975,                         ,2026-08-18,IM20244   ,LIPZLITE CREAM           ,1X15GM,3,568.41
58975,                         ,2026-09-16,IM24758   ,ACMED FACE WASH          ,1X70GM,2,309.8
      ,                         ,          ,          ,Party Total              ,      ,     ,15967.03
      ,                         ,          ,          ,Area Total               ,      ,     ,15967.03
      ,Company Total            ,          ,          ,                         ,      ,     ,15967.03
Company,,,,,,,
Area: V,,,,,,,
58975,UNITED MEDICALS------    ,2026-03-06,HM47683   ,NICOWISE-5 TAB (BOTTLE)  ,1X20  ,2,397.1
58975,                         ,2026-04-21,IM2758    ,ZEOHEAL TAB              ,1X10  ,3,331.44
58975,                         ,2026-05-26,IM7648    ,ZEONINE  GN TAB          ,1X10  ,6,822.84
58975,                         ,2026-05-26,IM7648    ,NICOWISE-5 TAB (BOTTLE)  ,1X20  ,2,397.1
58975,                         ,2026-07-13,IM14634   ,ZEONINE G TAB            ,1X10  ,6,638.16
58975,                         ,2026-07-27,IM16803   ,PICOFATE SUSP            ,1X200M,10,1600
58975,                         ,2026-09-16,IM24758   ,PICOFATE SUSP            ,1X200M,10,1676.2
      ,                         ,          ,          ,Party Total              ,      ,     ,5862.84
      ,                         ,          ,          ,Area Total               ,      ,     ,5862.84
      ,Company Total            ,          ,          ,                         ,      ,     ,5862.84
Company,,,,,,,
Area: V,,,,,,,
58975,UNITED MEDICALS------    ,2026-03-06,HM47683   ,GLYCIPHAGE 500 TAB       ,1X20  ,10,302.5
58975,                         ,2026-05-11,IM5496    ,GLYCIPHAGE SR 500  ***   ,1X10  ,10,202.8
58975,                         ,2026-07-13,IM14634   ,GLYCIPHAGE SR 500  ***   ,1X10  ,20,405.6
58975,                         ,2026-09-16,IM24758   ,GLYCIPHAGE 500 TAB       ,1X20  ,10,304.4
58975,                         ,2026-09-16,IM24758   ,GLYCIPHAGE SR 500  ***   ,1X10  ,10,184.6
58975,                         ,2026-09-16,IM24758   ,GLYCIPHAGE SR1  ***      ,1X10  ,10,328.2
      ,                         ,          ,          ,Party Total              ,      ,     ,1728.1
      ,                         ,          ,          ,Area Total               ,      ,     ,1728.1
      ,Company Total            ,          ,          ,                         ,      ,     ,1728.1
Company,,,,,,,
Area: V,,,,,,,
58975,UNITED MEDICALS------    ,2026-03-06,HM47683   ,OXIGEN-G TAB             ,15 S  ,6,514.32
58975,                         ,2026-06-17,IM10785   ,OXIGEN-G TAB             ,15 S  ,4,342.88
      ,                         ,          ,          ,Party Total              ,      ,     ,857.2
      ,                         ,          ,          ,Area Total               ,      ,     ,857.2
      ,Company Total            ,          ,          ,                         ,      ,     ,857.2
Company,,,,,,,
Area: V,,,,,,,
58975,UNITED MEDICALS------    ,2026-02-10,HM44311   ,MGD3  TAB 10'S           ,1X10  ,2,421.42
58975,                         ,2026-03-06,HM47683   ,MGD3  TAB 10'S           ,1X10  ,2,421.42
      ,                         ,          ,          ,Party Total              ,      ,     ,842.84
      ,                         ,          ,          ,Area Total               ,      ,     ,842.84
      ,Company Total            ,          ,          ,                         ,      ,     ,842.84
Company,,,,,,,
Area: V,,,,,,,
58975,UNITED MEDICALS------    ,2026-05-26,IM7648    ,WARF 1 MG 30'S ***       ,30 TAB,2,120
58975,                         ,2026-05-26,IM7648    ,WARF 5 MG  30'S    ***   ,1X30  ,2,117.1
      ,                         ,          ,          ,Party Total              ,      ,     ,237.1
      ,                         ,          ,          ,Area Total               ,      ,     ,237.1
      ,Company Total            ,          ,          ,                         ,      ,     ,237.1
Company,,,,,,,
Area: V,,,,,,,
58975,UNITED MEDICALS------    ,2026-05-11,IM5496    ,JUST TEARS EYE DROPS 10ML,1X10ML,6,570
58975,                         ,2026-06-01,IM8276    ,NEBRACIN LP EYE DROPS    ,1X5ML ,2,237.14
      ,                         ,          ,          ,Party Total              ,      ,     ,807.14
      ,                         ,          ,          ,Area Total               ,      ,     ,807.14
      ,Company Total            ,          ,          ,                         ,      ,     ,807.14
Company,,,,,,,
Area: V,,,,,,,
58975,UNITED MEDICALS------    ,2026-05-11,IM5496    ,DORSUN EYE DROPS         ,1X5ML ,2,317.14
      ,                         ,          ,          ,Party Total              ,      ,     ,317.14
      ,                         ,          ,          ,Area Total               ,      ,     ,317.14
      ,Company Total            ,          ,          ,                         ,      ,     ,317.14
Company,,,,,,,
Area: V,,,,,,,
58975,UNITED MEDICALS------    ,2026-07-07,IM13686   ,WAVELAIR SECURE [M]      ,1'S   ,1,244.64
      ,                         ,          ,          ,Party Total              ,      ,     ,244.64
      ,                         ,          ,          ,Area Total               ,      ,     ,244.64
      ,Company Total            ,          ,          ,                         ,      ,     ,244.64
Company,,,,,,,
Area: V,,,,,,,
58975,UNITED MEDICALS------    ,2026-04-30,IM4162    ,ECOSPRIN-AV 75           ,1X15  ,10,489.7
58975,                         ,2026-05-11,IM5496    ,TAZLOC-40                ,1X15  ,6,441.72
58975,                         ,2026-05-11,IM5496    ,GLYCOMET- GP2            ,1X15  ,6,822.84
58975,                         ,2026-05-11,IM5496    ,GLYCOMET TRIO 2 TAB      ,1X10  ,6,966.84
58975,                         ,2026-05-11,IM5496    ,TAZLOC-AM                ,1X10  ,6,687.3
58975,                         ,2026-05-11,IM5496    ,TAZLOC-20                ,1X10  ,6,168.96
58975,                         ,2026-07-07,IM13686   ,ECOSPRIN-75 TAB          ,1X14  ,25,108.5
58975,                         ,2026-07-07,IM13686   ,ECOSPRIN-AV 75           ,1X15  ,10,489.7
58975,                         ,2026-07-07,IM13686   ,ECOSPRIN-AV150           ,1X15  ,10,495.8
58975,                         ,2026-09-03,IM22643   ,ROSEDAY-10               ,1X15  ,6,1065.12
      ,                         ,          ,          ,Party Total              ,      ,     ,5736.48
      ,                         ,          ,          ,Area Total               ,      ,     ,5736.48
      ,Company Total            ,          ,          ,                         ,      ,     ,5736.48
Company,,,,,,,
Area: V,,,,,,,
58975,UNITED MEDICALS------    ,2026-05-11,IM5496    ,ASTHALIN INHALER DC 200 M,1 X 20,3,385.8
58975,                         ,2026-05-26,IM7648    ,ASTHALIN RESPIRATOR SOLUT,15ML  ,6,74.82
      ,                         ,          ,          ,Party Total              ,      ,     ,460.62
      ,                         ,          ,          ,Area Total               ,      ,     ,460.62
      ,Company Total            ,          ,          ,                         ,      ,     ,460.62
Company,,,,,,,
Area: V,,,,,,,
58975,UNITED MEDICALS------    ,2026-07-13,IM14634   ,CIPLAR 10   15'S  ***    ,1X15  ,4,63.8
      ,                         ,          ,          ,Party Total              ,      ,     ,63.8
      ,                         ,          ,          ,Area Total               ,      ,     ,63.8
      ,Company Total            ,          ,          ,                         ,      ,     ,63.8
MALABAR DRUG LINES,,,,,,,
MALAPPURAM,,,,,,,
Area/Party/Billwise Sales from 01/01/2026 To 30/09/2026,,,,,,,
Code,Name,Date,BillNo,Product,Packin,Qty,Value
Company,,,,,,,
Area: K,,,,,,,
416,FATHIMA MEDICALS         ,2026-08-11,IM19092   ,RUBIT CREAM 25 GR        ,1X25  ,5,345.7
416,                         ,2026-09-28,IM26763   ,RUBIT CREAM 25 GR        ,1X25  ,5,345.7
      ,                         ,          ,          ,Party Total              ,      ,     ,691.4
      ,                         ,          ,          ,Area Total               ,      ,     ,691.4
      ,Company Total            ,          ,          ,                         ,      ,     ,691.4
Company,,,,,,,
Area: K,,,,,,,
416,FATHIMA MEDICALS         ,2026-06-15,IM10310   ,FORACORT200CFC FR INH ***,1'S   ,1,288.95
416,                         ,2026-08-11,IM19092   ,FORACORT 200 ROTOCAPS ***,1X30  ,2,281.24
      ,                         ,          ,          ,Party Total              ,      ,     ,570.19
      ,                         ,          ,          ,Area Total               ,      ,     ,570.19
      ,Company Total            ,          ,          ,                         ,      ,     ,570.19
Company,,,,,,,
Area: K,,,,,,,
416,FATHIMA MEDICALS         ,2026-06-08,IM9354    ,NORTEN-10                ,1X10  ,3,28.92
416,                         ,2026-06-15,IM10310   ,NORTEN-10                ,1X10  ,10,96.4
416,                         ,2026-09-28,IM26763   ,NORTEN-10                ,1X10  ,10,96.4
      ,                         ,          ,          ,Party Total              ,      ,     ,221.72
      ,                         ,          ,          ,Area Total               ,      ,     ,221.72
      ,Company Total            ,          ,          ,                         ,      ,     ,221.72
Company,,,,,,,
Area: K,,,,,,,
416,FATHIMA MEDICALS         ,2026-07-06,IM13506   ,LEVOFLOX 500 --------*   ,1X10  ,2,147.32
      ,                         ,          ,          ,Party Total              ,      ,     ,147.32
      ,                         ,          ,          ,Area Total               ,      ,     ,147.32
      ,Company Total            ,          ,          ,                         ,      ,     ,147.32
Company,,,,,,,
Area: K,,,,,,,
416,FATHIMA MEDICALS         ,2026-09-07,IM23216   ,IBUGESIC PLUS TAB 20'S   ,1 X 20,3,94.83
416,                         ,2026-09-28,IM26763   ,IBUGESIC PLUS SUSP    *  ,1X60ML,2,74.96
      ,                         ,          ,          ,Party Total              ,      ,     ,169.79
      ,                         ,          ,          ,Area Total               ,      ,     ,169.79
      ,Company Total            ,          ,          ,                         ,      ,     ,169.79
Company,,,,,,,
Area: K,,,,,,,
416,FATHIMA MEDICALS         ,2026-06-15,IM10310   ,EMESET 4 MG              ,1X10  ,2,84.16
416,                         ,2026-07-06,IM13508   ,EMESET 4 MG              ,1X10  ,6,252.48
416,                         ,2026-09-07,IM23216   ,NOVAMOX 250 REDIUSE   *  ,60 ML ,2,152.62
      ,                         ,          ,          ,Party Total              ,      ,     ,489.26
      ,                         ,          ,          ,Area Total               ,      ,     ,489.26
      ,Company Total            ,          ,          ,                         ,      ,     ,489.26
Company,,,,,,,
Area: K,,,,,,,
416,FATHIMA MEDICALS         ,2026-07-06,IM13506   ,CANDID- B CREAM 20GM     ,20GM  ,2,284.2
416,                         ,2026-07-06,IM13506   ,CANDID-B LOTION 10ML     ,1X10ML,2,178.58
416,                         ,2026-08-11,IM19092   ,CANDID-B CREAM 10GM      ,10GM  ,2,215.62
416,                         ,2026-08-11,IM19092   ,CANDID-B LOTION 10ML     ,1X10ML,2,195.72
416,                         ,2026-08-17,IM20063   ,CANDID-VGEL           *  ,30GR  ,1,114.29
416,                         ,2026-09-07,IM23216   ,CANDID-VGEL           *  ,30GR  ,1,125
416,                         ,2026-09-14,IM24372   ,SCABOMA LOTION 100ML  *  ,1X100 ,2,201.9
416,                         ,2026-09-14,IM24372   ,CANDID- B CREAM 20GM     ,20GM  ,2,297.14
      ,                         ,          ,          ,Party Total              ,      ,     ,1612.45
      ,                         ,          ,          ,Area Total               ,      ,     ,1612.45
      ,Company Total            ,          ,          ,                         ,      ,     ,1612.45
Company,,,,,,,
Area: K,,,,,,,
416,FATHIMA MEDICALS         ,2026-06-08,IM9354    ,TELMA TAB 20    30'S     ,1X30  ,2,188.34
416,                         ,2026-06-08,IM9354    ,TELMA TAB 40             ,1X30  ,2,330.24
416,                         ,2026-07-06,IM13508   ,TELMA TAB 40             ,1X30  ,2,330.24
416,                         ,2026-09-07,IM23216   ,TELMA TAB 40             ,1X30  ,2,330.24
      ,                         ,          ,          ,Party Total              ,      ,     ,1179.06
      ,                         ,          ,          ,Area Total               ,      ,     ,1179.06
      ,Company Total            ,          ,          ,                         ,      ,     ,1179.06
Company,,,,,,,
Area: K,,,,,,,
416,FATHIMA MEDICALS         ,2026-06-08,IM9354    ,ASCORIL EXPCT.120ML   *  ,120ML ,3,361.08
416,                         ,2026-06-15,IM10310   ,ASCORIL SUGERFREE  SYP   ,100ML ,2,252.14
416,                         ,2026-06-15,IM10310   ,ASCORIL D PLUS COUGH SYP ,100ML ,2,241.42
416,                         ,2026-08-11,IM19092   ,ASCORIL EXPCT.120ML   *  ,120ML ,2,263.62
416,                         ,2026-09-07,IM23216   ,ASCORIL SUGERFREE  SYP   ,100ML ,2,252.14
416,                         ,2026-09-07,IM23216   ,ASCORIL JUNIOR SYRUP     ,1X60ML,1,78.57
      ,                         ,          ,          ,Party Total              ,      ,     ,1448.97
      ,                         ,          ,          ,Area Total               ,      ,     ,1448.97
      ,Company Total            ,          ,          ,                         ,      ,     ,1448.97
Company,,,,,,,
Area: K,,,,,,,
416,FATHIMA MEDICALS         ,2026-08-17,IM20063   ,ACTIS  C2  TAB           ,1X10  ,1,289.52
416,                         ,2026-09-07,IM23216   ,ACTIS  C2  TAB           ,1X10  ,2,579.04
      ,                         ,          ,          ,Party Total              ,      ,     ,868.56
      ,                         ,          ,          ,Area Total               ,      ,     ,868.56
      ,Company Total            ,          ,          ,                         ,      ,     ,868.56
Company,,,,,,,
Area: K,,,,,,,
416,FATHIMA MEDICALS         ,2026-09-07,IM23216   ,MONTAIR  LC  KID 5 SYRUP ,100 ML,1,150.1
416,                         ,2026-09-14,IM24372   ,MONTAIR  LC  KID 5 SYRUP ,100 ML,2,300.2
      ,                         ,          ,          ,Party Total              ,      ,     ,450.3
      ,                         ,          ,          ,Area Total               ,      ,     ,450.3
      ,Company Total            ,          ,          ,                         ,      ,     ,450.3
Company,,,,,,,
Area: K,,,,,,,
416,FATHIMA MEDICALS         ,2026-09-14,IM24372   ,MOODS DOTTED 3'S --------,1X3   ,10,250
416,                         ,2026-09-14,IM24372   ,MOODS ULTRA THIN.........,3'S   ,10,250
      ,                         ,          ,          ,Party Total              ,      ,     ,500
      ,                         ,          ,          ,Area Total               ,      ,     ,500
      ,Company Total            ,          ,          ,                         ,      ,     ,500
Company,,,,,,,
Area: K,,,,,,,
416,FATHIMA MEDICALS         ,2026-08-11,IM19092   ,ASCORIL LS  SYRUP        ,1X100M,2,240.76
416,                         ,2026-09-14,IM24372   ,ASCORIL LS JUNIOR        ,1X60ML,1,90.66
      ,                         ,          ,          ,Party Total              ,      ,     ,331.42
      ,                         ,          ,          ,Area Total               ,      ,     ,331.42
      ,Company Total            ,          ,          ,                         ,      ,     ,331.42
Company,,,,,,,
Area: K,,,,,,,
416,FATHIMA MEDICALS         ,2026-08-17,IM20063   ,CANDID MOUTH PAINT 25 ML ,1X25 M,2,296.38
416,                         ,2026-09-07,IM23216   ,ALEX JUNIOR              ,1X60ML,1,89.29
      ,                         ,          ,          ,Party Total              ,      ,     ,385.67
      ,                         ,          ,          ,Area Total               ,      ,     ,385.67
      ,Company Total            ,          ,          ,                         ,      ,     ,385.67
Company,,,,,,,
Area: K,,,,,,,
416,FATHIMA MEDICALS         ,2026-06-08,IM9354    ,CIPLOX EYE/EAR DROPS     ,10 ML ,11,138.16
416,                         ,2026-06-08,IM9354    ,CIPLOX TZ             *  ,10S TA,2,326.16
416,                         ,2026-07-06,IM13506   ,CIPLOX 500MGTAB          ,10S TA,5,172.75
416,                         ,2026-07-06,IM13506   ,NORFLOX 400 MG TAB    *  ,1X10  ,6,445.14
416,                         ,2026-07-06,IM13506   ,CIPLOX D EYE DROPS    *  ,10 ML ,5,114.65
416,                         ,2026-07-06,IM13506   ,CIPLOX EYE/EAR DROPS     ,10 ML ,11,138.16
416,                         ,2026-08-11,IM19092   ,ASTHALIN 2 MG 45'S ***   ,1X45  ,10,98.7
416,                         ,2026-08-11,IM19092   ,ASTHALIN SYP  ***        ,1X100M,10,147.4
416,                         ,2026-08-11,IM19092   ,CIPLOX EYE/EAR DROPS     ,10 ML ,11,138.93
416,                         ,2026-09-07,IM23216   ,THEO ASTHALIN TAB 30 S   ,30 TAB,10,163.8
416,                         ,2026-09-14,IM24372   ,CIPLOX EYE/EAR DROPS     ,10 ML ,11,138.93
416,                         ,2026-09-28,IM26763   ,ALERID SYRUP             ,30 ML ,2,32.36
      ,                         ,          ,          ,Party Total              ,      ,     ,2055.14
      ,                         ,          ,          ,Area Total               ,      ,     ,2055.14
      ,Company Total            ,          ,          ,                         ,      ,     ,2055.14
Company,,,,,,,
Area: K,,,,,,,
416,FATHIMA MEDICALS         ,2026-09-28,IM26763   ,NICOTEX-4 MINT PLUS  15'S,1 X 15,2,259.64
      ,                         ,          ,          ,Party Total              ,      ,     ,259.64
      ,                         ,          ,          ,Area Total               ,      ,     ,259.64
      ,Company Total            ,          ,          ,                         ,      ,     ,259.64
Company,,,,,,,
Area: K,,,,,,,
416,FATHIMA MEDICALS         ,2026-08-11,IM19092   ,COSVATE-GM CREAM 25GM    ,1X25GM,5,168.2
      ,                         ,          ,          ,Party Total              ,      ,     ,168.2
      ,                         ,          ,          ,Area Total               ,      ,     ,168.2
      ,Company Total            ,          ,          ,                         ,      ,     ,168.2
Company,,,,,,,
Area: K,,,,,,,
416,FATHIMA MEDICALS         ,2026-06-15,IM10310   ,CHLORAGESIC EAR DROPS    ,1X5ML ,10,406.9
416,                         ,2026-08-11,IM19092   ,OXYDROPS-[ADULT]         ,1X10ML,10,685.7
416,                         ,2026-08-17,IM20063   ,WAXRIM EAR DROPS         ,1X10ML,5,388.55
416,                         ,2026-08-17,IM20063   ,CHLORAGESIC EAR DROPS    ,1X5ML ,8,325.52
416,                         ,2026-08-17,IM20063   ,CHLORAGESIC EAR DROPS    ,1X5ML ,2,81.38
416,                         ,2026-09-28,IM26763   ,WAXRIM EAR DROPS         ,1X10ML,5,388.55
416,                         ,2026-09-28,IM26763   ,WAXRIM EAR DROPS         ,1X10ML,5,388.55
416,                         ,2026-09-28,IM26763   ,OXYDROPS-[ADULT]         ,1X10ML,10,685.7
      ,                         ,          ,          ,Party Total              ,      ,     ,3350.85
      ,                         ,          ,          ,Area Total               ,      ,     ,3350.85
      ,Company Total            ,          ,          ,                         ,      ,     ,3350.85
Company,,,,,,,
Area: K,,,,,,,
416,FATHIMA MEDICALS         ,2026-06-15,IM10310   ,OXYDROPS  PEDIATRIC      ,1X10ML,3,160.68
416,                         ,2026-08-11,IM19092   ,OXYDROPS  PEDIATRIC      ,1X10ML,3,160.68
      ,                         ,          ,          ,Party Total              ,      ,     ,321.36
      ,                         ,          ,          ,Area Total               ,      ,     ,321.36
      ,Company Total            ,          ,          ,                         ,      ,     ,321.36
Company,,,,,,,
Area: K,,,,,,,
416,FATHIMA MEDICALS         ,2026-08-17,IM20063   ,CISPLUS MAX              ,1X10  ,2,264.4
416,                         ,2026-09-07,IM23216   ,CISPLUS MAX              ,1X10  ,2,264.4
      ,                         ,          ,          ,Party Total              ,      ,     ,528.8
      ,                         ,          ,          ,Area Total               ,      ,     ,528.8
      ,Company Total            ,          ,          ,                         ,      ,     ,528.8
Company,,,,,,,
Area: K,,,,,,,
416,FATHIMA MEDICALS         ,2026-06-15,IM10310   ,MONTAIR  LC  KID SYP     ,60 ML ,2,241.76
416,                         ,2026-09-28,IM26763   ,LEVOLIN SYP           *  ,100ML ,3,75.96
      ,                         ,          ,          ,Party Total              ,      ,     ,317.72
      ,                         ,          ,          ,Area Total               ,      ,     ,317.72
      ,Company Total            ,          ,          ,                         ,      ,     ,317.72
Company,,,,,,,
Area: K,,,,,,,
416,FATHIMA MEDICALS         ,2026-08-17,IM20063   ,DOLONEURON NT 400 TAB    ,10 TAB,2,445.72
      ,                         ,          ,          ,Party Total              ,      ,     ,445.72
      ,                         ,          ,          ,Area Total               ,      ,     ,445.72
      ,Company Total            ,          ,          ,                         ,      ,     ,445.72
Company,,,,,,,
Area: K,,,,,,,
416,FATHIMA MEDICALS         ,2026-09-07,IM23216   ,HADRIA SEUM 50 ML        ,1X50 M,1,529.65
      ,                         ,          ,          ,Party Total              ,      ,     ,529.65
      ,                         ,          ,          ,Area Total               ,      ,     ,529.65
      ,Company Total            ,          ,          ,                         ,      ,     ,529.65
Company,,,,,,,
Area: K,,,,,,,
416,FATHIMA MEDICALS         ,2026-06-08,IM9354    ,PAN-D CAPS 15'S          ,15'S  ,2,399.08
416,                         ,2026-07-06,IM13508   ,PAN-D CAPS 15'S          ,15'S  ,2,399.08
416,                         ,2026-08-11,IM19092   ,PAN 40 TAB               ,15'S  ,2,293.8
      ,                         ,          ,          ,Party Total              ,      ,     ,1091.96
      ,                         ,          ,          ,Area Total               ,      ,     ,1091.96
      ,Company Total            ,          ,          ,                         ,      ,     ,1091.96
Company,,,,,,,
Area: K,,,,,,,
416,FATHIMA MEDICALS         ,2026-06-08,IM9354    ,UPRISE D3 60K CAPS 12'S  ,12'S  ,1,302.59
416,                         ,2026-06-15,IM10310   ,GEMCAL PLUS SOFT GEL CAPS,15'S  ,1,373.18
416,                         ,2026-08-11,IM19092   ,GEMCAL PLUS SOFT GEL CAPS,15'S  ,1,373.18
416,                         ,2026-09-14,IM24372   ,UPRISE D3 60K CAPS 12'S  ,12'S  ,1,302.59
      ,                         ,          ,          ,Party Total              ,      ,     ,1351.54
      ,                         ,          ,          ,Area Total               ,      ,     ,1351.54
      ,Company Total            ,          ,          ,                         ,      ,     ,1351.54
Company,,,,,,,
Area: K,,,,,,,
416,FATHIMA MEDICALS         ,2026-06-15,IM10310   ,EMPANORM L 25 TAB        ,10'S  ,10,1249.1
416,                         ,2026-09-29,IM26885   ,EMPANORM L 25 TAB        ,10'S  ,6,749.46
416,                         ,2026-09-29,IM26885   ,EMPANORM L 25 TAB        ,10'S  ,4,499.64
      ,                         ,          ,          ,Party Total              ,      ,     ,2498.2
      ,                         ,          ,          ,Area Total               ,      ,     ,2498.2
      ,Company Total            ,          ,          ,                         ,      ,     ,2498.2
Company,,,,,,,
Area: K,,,,,,,
416,FATHIMA MEDICALS         ,2026-08-17,IM20063   ,KAINOTEL-40 TAB          ,1X15  ,10,157.3
      ,                         ,          ,          ,Party Total              ,      ,     ,157.3
      ,                         ,          ,          ,Area Total               ,      ,     ,157.3
      ,Company Total            ,          ,          ,                         ,      ,     ,157.3
Company,,,,,,,
Area: K,,,,,,,
416,FATHIMA MEDICALS         ,2026-08-11,IM19092   ,DEXORANGE SYRUP    *     ,200ML ,2,301.4
416,                         ,2026-09-14,IM24372   ,DEXORANGE SYRUP    *     ,200ML ,2,301.4
      ,                         ,          ,          ,Party Total              ,      ,     ,602.8
      ,                         ,          ,          ,Area Total               ,      ,     ,602.8
      ,Company Total            ,          ,          ,                         ,      ,     ,602.8
Company,,,,,,,
Area: K,,,,,,,
416,FATHIMA MEDICALS         ,2026-06-08,IM9354    ,GLYCIPHAGE SR1  ***      ,1X10  ,2,65.64
416,                         ,2026-06-08,IM9354    ,GLYCIPHAGE SR1  ***      ,1X10  ,3,98.46
416,                         ,2026-09-07,IM23216   ,GLYCIPHAGE SR1  ***      ,1X10  ,5,164.1
      ,                         ,          ,          ,Party Total              ,      ,     ,328.2
      ,                         ,          ,          ,Area Total               ,      ,     ,328.2
      ,Company Total            ,          ,          ,                         ,      ,     ,328.2
Company,,,,,,,
Area: K,,,,,,,
416,FATHIMA MEDICALS         ,2026-06-08,IM9354    ,DEXORANGE CAPS      *    ,30CAPS,2,293.64
416,                         ,2026-06-15,IM10310   ,DEXORANGE CAPS      *    ,30CAPS,2,293.64
416,                         ,2026-09-07,IM23216   ,DEXORANGE CAPS      *    ,30CAPS,2,293.64
416,                         ,2026-09-28,IM26763   ,DEXORANGE CAPS      *    ,30CAPS,2,293.64
      ,                         ,          ,          ,Party Total              ,      ,     ,1174.56
      ,                         ,          ,          ,Area Total               ,      ,     ,1174.56
      ,Company Total            ,          ,          ,                         ,      ,     ,1174.56
Company,,,,,,,
Area: K,,,,,,,
416,FATHIMA MEDICALS         ,2026-06-08,IM9354    ,CLAVAM 625 TAB -----*    ,1X10  ,2,297.86
416,                         ,2026-06-08,IM9354    ,CLAVAM 625 TAB -----*    ,1X10  ,1,148.93
      ,                         ,          ,          ,Party Total              ,      ,     ,446.79
      ,                         ,          ,          ,Area Total               ,      ,     ,446.79
      ,Company Total            ,          ,          ,                         ,      ,     ,446.79
Company,,,,,,,
Area: K,,,,,,,
416,FATHIMA MEDICALS         ,2026-09-07,IM23216   ,LULILOK CREAM            ,1X30GM,2,206.92
      ,                         ,          ,          ,Party Total              ,      ,     ,206.92
      ,                         ,          ,          ,Area Total               ,      ,     ,206.92
      ,Company Total            ,          ,          ,                         ,      ,     ,206.92
Company,,,,,,,
Area: K,,,,,,,
416,FATHIMA MEDICALS         ,2026-02-07,HM43892   ,EMIZINE-MD TAB           ,1X10  ,50,1943
416,                         ,2026-02-07,HM43892   ,EMIZINE-MD TAB           ,1X10  ,0,0
416,                         ,2026-06-08,IM9354    ,EMIZINE-MD TAB           ,1X10  ,30,1165.8
416,                         ,2026-07-27,IM16786   ,EMIZINE-MD TAB           ,1X10  ,60,2331.6
      ,                         ,          ,          ,Party Total              ,      ,     ,5440.4
      ,                         ,          ,          ,Area Total               ,      ,     ,5440.4
      ,Company Total            ,          ,          ,                         ,      ,     ,5440.4
Company,,,,,,,
Area: K,,,,,,,
416,FATHIMA MEDICALS         ,2026-06-15,IM10310   ,TRIGLYNASE 2MG TAB       ,1X10  ,10,712.6
416,                         ,2026-09-28,IM26763   ,ANOVATE 20GM             ,1X20GM,1,116.23
416,                         ,2026-09-28,IM26763   ,ECOSPRIN AV 75/20 CAP  15,1X15  ,3,160.32
416,                         ,2026-09-29,IM26885   ,TRIGLYNASE 2MG TAB       ,1X10  ,10,780.2
      ,                         ,          ,          ,Party Total              ,      ,     ,1769.35
      ,                         ,          ,          ,Area Total               ,      ,     ,1769.35
      ,Company Total            ,          ,          ,                         ,      ,     ,1769.35
Company,,,,,,,
Area: K,,,,,,,
416,FATHIMA MEDICALS         ,2026-09-14,IM24372   ,OFLOX OZ              *  ,10 TAB,2,314.5
      ,                         ,          ,          ,Party Total              ,      ,     ,314.5
      ,                         ,          ,          ,Area Total               ,      ,     ,314.5
      ,Company Total            ,          ,          ,                         ,      ,     ,314.5
Company,,,,,,,
Area: K,,,,,,,
416,FATHIMA MEDICALS         ,2026-07-06,IM13508   ,BUDECORT 0.5MG RESP   ***,2 ML  ,10,194.9
416,                         ,2026-08-11,IM19092   ,BUDECORT 0.5MG RESP   ***,2 ML  ,10,194.9
416,                         ,2026-08-17,IM20063   ,BUDECORT 0.5MG RESP   ***,2 ML  ,10,194.9
      ,                         ,          ,          ,Party Total              ,      ,     ,584.7
      ,                         ,          ,          ,Area Total               ,      ,     ,584.7
      ,Company Total            ,          ,          ,                         ,      ,     ,584.7
Company,,,,,,,
Area: K,,,,,,,
416,FATHIMA MEDICALS         ,2026-07-06,IM13508   ,DUOLIN 3 RESPULES 3 ML   ,1X3ML ,10,195.9
416,                         ,2026-08-11,IM19092   ,DUOLIN 3 RESPULES 3 ML   ,1X3ML ,10,215.5
      ,                         ,          ,          ,Party Total              ,      ,     ,411.4
      ,                         ,          ,          ,Area Total               ,      ,     ,411.4
      ,Company Total            ,          ,          ,                         ,      ,     ,411.4
Company,,,,,,,
Area: K,,,,,,,
416,FATHIMA MEDICALS         ,2026-06-08,IM9354    ,ASTHALIN INHALER DC 200 M,1 X 20,1,128.6
416,                         ,2026-08-11,IM19092   ,ASTHALIN RESPULES2.5  *  ,1'S   ,30,201
416,                         ,2026-08-11,IM19092   ,ASTHALIN RESPULES2.5  *  ,1'S   ,10,67
416,                         ,2026-08-11,IM19092   ,AEROCORT ROTACAPS 60'S   ,1X60  ,2,217.4
416,                         ,2026-08-11,IM19092   ,AEROCORT FORTE ROTOCAPS  ,30'S  ,2,199
416,                         ,2026-09-07,IM23216   ,ASTHALIN INHALER DC 200 M,1 X 20,1,129.43
      ,                         ,          ,          ,Party Total              ,      ,     ,942.43
      ,Company Total            ,          ,          ,                         ,      ,     ,942.43
Company,,,,,,,
Area: K,,,,,,,
416,FATHIMA MEDICALS         ,2026-07-06,IM13508   ,CIPLAR-LA20  15'S        ,1X15  ,10,490.3
416,                         ,2026-08-17,IM20063   ,CIPLAR 10   15'S  ***    ,1X15  ,20,321.4
      ,                         ,          ,          ,Party Total              ,      ,     ,811.7
      ,                         ,          ,          ,Area Total               ,      ,     ,811.7
      ,Company Total            ,          ,          ,                         ,      ,     ,811.7
